file,line,type,commit,author,date,time,timezone,datetime,depth,length
docs\style.css,1,css,4f5379c,mian0606,2026-05-07,22:24:48,-07:00,2026-05-07T22:24:48-07:00,0,5
docs\style.css,2,css,4f5379c,mian0606,2026-05-07,22:24:48,-07:00,2026-05-07T22:24:48-07:00,1,12
docs\style.css,3,css,4f5379c,mian0606,2026-05-07,22:24:48,-07:00,2026-05-07T22:24:48-07:00,1,30
docs\style.css,4,css,4f5379c,mian0606,2026-05-07,22:24:48,-07:00,2026-05-07T22:24:48-07:00,1,11
docs\style.css,5,css,4f5379c,mian0606,2026-05-07,22:24:48,-07:00,2026-05-07T22:24:48-07:00,1,8
docs\style.css,6,css,4f5379c,mian0606,2026-05-07,22:24:48,-07:00,2026-05-07T22:24:48-07:00,0,0
docs\style.css,7,css,4f5379c,mian0606,2026-05-07,22:24:48,-07:00,2026-05-07T22:24:48-07:00,0,0
docs\style.css,8,css,4f5379c,mian0606,2026-05-07,22:24:48,-07:00,2026-05-07T22:24:48-07:00,0,8
docs\style.css,9,css,4f5379c,mian0606,2026-05-07,22:24:48,-07:00,2026-05-07T22:24:48-07:00,1,14
docs\style.css,10,css,4f5379c,mian0606,2026-05-07,22:24:48,-07:00,2026-05-07T22:24:48-07:00,1,32
docs\style.css,11,css,4f5379c,mian0606,2026-05-07,22:24:48,-07:00,2026-05-07T22:24:48-07:00,1,12
docs\style.css,12,css,4f5379c,mian0606,2026-05-07,22:24:48,-07:00,2026-05-07T22:24:48-07:00,1,17
docs\style.css,13,css,4f5379c,mian0606,2026-05-07,22:24:48,-07:00,2026-05-07T22:24:48-07:00,1,37
docs\style.css,14,css,4f5379c,mian0606,2026-05-07,22:24:48,-07:00,2026-05-07T22:24:48-07:00,1,19
docs\style.css,15,css,4f5379c,mian0606,2026-05-07,22:24:48,-07:00,2026-05-07T22:24:48-07:00,0,0
docs\style.css,16,css,4f5379c,mian0606,2026-05-07,22:24:48,-07:00,2026-05-07T22:24:48-07:00,0,0
docs\style.css,17,css,4f5379c,mian0606,2026-05-07,22:24:48,-07:00,2026-05-07T22:24:48-07:00,0,13
docs\style.css,18,css,4f5379c,mian0606,2026-05-07,22:24:48,-07:00,2026-05-07T22:24:48-07:00,1,9
docs\style.css,19,css,4f5379c,mian0606,2026-05-07,22:24:48,-07:00,2026-05-07T22:24:48-07:00,1,17
docs\style.css,20,css,4f5379c,mian0606,2026-05-07,22:24:48,-07:00,2026-05-07T22:24:48-07:00,0,0
docs\style.css,21,css,4f5379c,mian0606,2026-05-07,22:24:48,-07:00,2026-05-07T22:24:48-07:00,0,0
docs\style.css,22,css,4f5379c,mian0606,2026-05-07,22:24:48,-07:00,2026-05-07T22:24:48-07:00,0,6
docs\style.css,23,css,4f5379c,mian0606,2026-05-07,22:24:48,-07:00,2026-05-07T22:24:48-07:00,1,16
docs\style.css,24,css,4f5379c,mian0606,2026-05-07,22:24:48,-07:00,2026-05-07T22:24:48-07:00,1,23
docs\style.css,25,css,4f5379c,mian0606,2026-05-07,22:24:48,-07:00,2026-05-07T22:24:48-07:00,1,22
docs\style.css,26,css,4f5379c,mian0606,2026-05-07,22:24:48,-07:00,2026-05-07T22:24:48-07:00,0,0
docs\style.css,27,css,4f5379c,mian0606,2026-05-07,22:24:48,-07:00,2026-05-07T22:24:48-07:00,0,0
docs\style.css,28,css,4f5379c,mian0606,2026-05-07,22:24:48,-07:00,2026-05-07T22:24:48-07:00,0,12
docs\style.css,29,css,4f5379c,mian0606,2026-05-07,22:24:48,-07:00,2026-05-07T22:24:48-07:00,1,20
docs\style.css,30,css,4f5379c,mian0606,2026-05-07,22:24:48,-07:00,2026-05-07T22:24:48-07:00,0,0
docs\main.js,1,js,4f5379c,mian0606,2026-05-07,22:24:48,-07:00,2026-05-07T22:24:48-07:00,0,63
docs\main.js,2,js,4f5379c,mian0606,2026-05-07,22:24:48,-07:00,2026-05-07T22:24:48-07:00,0,0
docs\main.js,3,js,4f5379c,mian0606,2026-05-07,22:24:48,-07:00,2026-05-07T22:24:48-07:00,0,25
docs\main.js,4,js,4f5379c,mian0606,2026-05-07,22:24:48,-07:00,2026-05-07T22:24:48-07:00,1,46
docs\main.js,5,js,4f5379c,mian0606,2026-05-07,22:24:48,-07:00,2026-05-07T22:24:48-07:00,2,5
docs\main.js,6,js,4f5379c,mian0606,2026-05-07,22:24:48,-07:00,2026-05-07T22:24:48-07:00,2,42
docs\main.js,7,js,4f5379c,mian0606,2026-05-07,22:24:48,-07:00,2026-05-07T22:24:48-07:00,2,23
docs\main.js,8,js,4f5379c,mian0606,2026-05-07,22:24:48,-07:00,2026-05-07T22:24:48-07:00,2,25
docs\main.js,9,js,4f5379c,mian0606,2026-05-07,22:24:48,-07:00,2026-05-07T22:24:48-07:00,2,49
docs\main.js,10,js,4f5379c,mian0606,2026-05-07,22:24:48,-07:00,2026-05-07T22:24:48-07:00,2,31
docs\main.js,11,js,4f5379c,mian0606,2026-05-07,22:24:48,-07:00,2026-05-07T22:24:48-07:00,1,2
docs\main.js,12,js,4f5379c,mian0606,2026-05-07,22:24:48,-07:00,2026-05-07T22:24:48-07:00,0,0
docs\main.js,13,js,4f5379c,mian0606,2026-05-07,22:24:48,-07:00,2026-05-07T22:24:48-07:00,1,10
docs\main.js,14,js,4f5379c,mian0606,2026-05-07,22:24:48,-07:00,2026-05-07T22:24:48-07:00,0,0
docs\main.js,15,js,4f5379c,mian0606,2026-05-07,22:24:48,-07:00,2026-05-07T22:24:48-07:00,0,0
docs\main.js,16,js,4f5379c,mian0606,2026-05-07,22:24:48,-07:00,2026-05-07T22:24:48-07:00,0,29
docs\main.js,17,js,4f5379c,mian0606,2026-05-07,22:24:48,-07:00,2026-05-07T22:24:48-07:00,1,7
docs\main.js,18,js,4f5379c,mian0606,2026-05-07,22:24:48,-07:00,2026-05-07T22:24:48-07:00,2,28
docs\main.js,19,js,4f5379c,mian0606,2026-05-07,22:24:48,-07:00,2026-05-07T22:24:48-07:00,2,25
docs\main.js,20,js,4f5379c,mian0606,2026-05-07,22:24:48,-07:00,2026-05-07T22:24:48-07:00,3,19
docs\main.js,21,js,4f5379c,mian0606,2026-05-07,22:24:48,-07:00,2026-05-07T22:24:48-07:00,3,53
docs\main.js,22,js,4f5379c,mian0606,2026-05-07,22:24:48,-07:00,2026-05-07T22:24:48-07:00,0,0
docs\main.js,23,js,4f5379c,mian0606,2026-05-07,22:24:48,-07:00,2026-05-07T22:24:48-07:00,3,6
docs\main.js,24,js,4f5379c,mian0606,2026-05-07,22:24:48,-07:00,2026-05-07T22:24:48-07:00,4,9
docs\main.js,25,js,4f5379c,mian0606,2026-05-07,22:24:48,-07:00,2026-05-07T22:24:48-07:00,4,51
docs\main.js,26,js,4f5379c,mian0606,2026-05-07,22:24:48,-07:00,2026-05-07T22:24:48-07:00,4,5
docs\main.js,27,js,4f5379c,mian0606,2026-05-07,22:24:48,-07:00,2026-05-07T22:24:48-07:00,4,3
docs\main.js,28,js,4f5379c,mian0606,2026-05-07,22:24:48,-07:00,2026-05-07T22:24:48-07:00,4,3
docs\main.js,29,js,4f5379c,mian0606,2026-05-07,22:24:48,-07:00,2026-05-07T22:24:48-07:00,4,7
docs\main.js,30,js,4f5379c,mian0606,2026-05-07,22:24:48,-07:00,2026-05-07T22:24:48-07:00,4,7
docs\main.js,31,js,4f5379c,mian0606,2026-05-07,22:24:48,-07:00,2026-05-07T22:24:48-07:00,4,46
docs\main.js,32,js,4f5379c,mian0606,2026-05-07,22:24:48,-07:00,2026-05-07T22:24:48-07:00,4,21
docs\main.js,33,js,4f5379c,mian0606,2026-05-07,22:24:48,-07:00,2026-05-07T22:24:48-07:00,4,57
docs\main.js,34,js,4f5379c,mian0606,2026-05-07,22:24:48,-07:00,2026-05-07T22:24:48-07:00,4,30
docs\main.js,35,js,4f5379c,mian0606,2026-05-07,22:24:48,-07:00,2026-05-07T22:24:48-07:00,4,23
docs\main.js,36,js,4f5379c,mian0606,2026-05-07,22:24:48,-07:00,2026-05-07T22:24:48-07:00,4,4
docs\main.js,37,js,4f5379c,mian0606,2026-05-07,22:24:48,-07:00,2026-05-07T22:24:48-07:00,3,0
docs\main.js,38,js,4f5379c,mian0606,2026-05-07,22:24:48,-07:00,2026-05-07T22:24:48-07:00,2,1
docs\main.js,39,js,4f5379c,mian0606,2026-05-07,22:24:48,-07:00,2026-05-07T22:24:48-07:00,0,0
docs\main.js,40,js,4f5379c,mian0606,2026-05-07,22:24:48,-07:00,2026-05-07T22:24:48-07:00,0,0
docs\main.js,41,js,4f5379c,mian0606,2026-05-07,22:24:48,-07:00,2026-05-07T22:24:48-07:00,0,0
docs\main.js,42,js,4f5379c,mian0606,2026-05-07,22:24:48,-07:00,2026-05-07T22:24:48-07:00,0,26
docs\main.js,43,js,4f5379c,mian0606,2026-05-07,22:24:48,-07:00,2026-05-07T22:24:48-07:00,0,33
docs\main.js,44,js,4f5379c,mian0606,2026-05-07,22:24:48,-07:00,2026-05-07T22:24:48-07:00,0,0
docs\main.js,45,js,896aac96,mian0606,2026-05-07,23:01:15,-07:00,2026-05-07T23:01:15-07:00,0,0
docs\main.js,46,js,896aac96,mian0606,2026-05-07,23:01:15,-07:00,2026-05-07T23:01:15-07:00,0,0
docs\main.js,47,js,4f5379c,mian0606,2026-05-07,22:24:48,-07:00,2026-05-07T22:24:48-07:00,0,40
docs\main.js,48,js,4f5379c,mian0606,2026-05-07,22:24:48,-07:00,2026-05-07T22:24:48-07:00,1,65
docs\main.js,49,js,4f5379c,mian0606,2026-05-07,22:24:48,-07:00,2026-05-07T22:24:48-07:00,0,0
docs\main.js,50,js,4f5379c,mian0606,2026-05-07,22:24:48,-07:00,2026-05-07T22:24:48-07:00,1,10
docs\main.js,51,js,4f5379c,mian0606,2026-05-07,22:24:48,-07:00,2026-05-07T22:24:48-07:00,1,67
docs\main.js,52,js,4f5379c,mian0606,2026-05-07,22:24:48,-07:00,2026-05-07T22:24:48-07:00,1,32
docs\main.js,53,js,4f5379c,mian0606,2026-05-07,22:24:48,-07:00,2026-05-07T22:24:48-07:00,0,0
docs\main.js,54,js,4f5379c,mian0606,2026-05-07,22:24:48,-07:00,2026-05-07T22:24:48-07:00,1,14
docs\main.js,55,js,4f5379c,mian0606,2026-05-07,22:24:48,-07:00,2026-05-07T22:24:48-07:00,1,36
docs\main.js,56,js,4f5379c,mian0606,2026-05-07,22:24:48,-07:00,2026-05-07T22:24:48-07:00,1,35
docs\main.js,57,js,4f5379c,mian0606,2026-05-07,22:24:48,-07:00,2026-05-07T22:24:48-07:00,0,0
docs\main.js,58,js,4f5379c,mian0606,2026-05-07,22:24:48,-07:00,2026-05-07T22:24:48-07:00,1,16
docs\main.js,59,js,4f5379c,mian0606,2026-05-07,22:24:48,-07:00,2026-05-07T22:24:48-07:00,1,48
docs\main.js,60,js,4f5379c,mian0606,2026-05-07,22:24:48,-07:00,2026-05-07T22:24:48-07:00,0,0
docs\main.js,61,js,4f5379c,mian0606,2026-05-07,22:24:48,-07:00,2026-05-07T22:24:48-07:00,1,38
docs\main.js,62,js,4f5379c,mian0606,2026-05-07,22:24:48,-07:00,2026-05-07T22:24:48-07:00,1,29
docs\main.js,63,js,4f5379c,mian0606,2026-05-07,22:24:48,-07:00,2026-05-07T22:24:48-07:00,0,0
docs\main.js,64,js,4f5379c,mian0606,2026-05-07,22:24:48,-07:00,2026-05-07T22:24:48-07:00,1,20
docs\main.js,65,js,4f5379c,mian0606,2026-05-07,22:24:48,-07:00,2026-05-07T22:24:48-07:00,1,49
docs\main.js,66,js,4f5379c,mian0606,2026-05-07,22:24:48,-07:00,2026-05-07T22:24:48-07:00,0,0
docs\main.js,67,js,4f5379c,mian0606,2026-05-07,22:24:48,-07:00,2026-05-07T22:24:48-07:00,1,42
docs\main.js,68,js,4f5379c,mian0606,2026-05-07,22:24:48,-07:00,2026-05-07T22:24:48-07:00,1,45
docs\main.js,69,js,4f5379c,mian0606,2026-05-07,22:24:48,-07:00,2026-05-07T22:24:48-07:00,0,0
docs\main.js,70,js,4f5379c,mian0606,2026-05-07,22:24:48,-07:00,2026-05-07T22:24:48-07:00,1,14
docs\main.js,71,js,4f5379c,mian0606,2026-05-07,22:24:48,-07:00,2026-05-07T22:24:48-07:00,1,42
docs\main.js,72,js,4f5379c,mian0606,2026-05-07,22:24:48,-07:00,2026-05-07T22:24:48-07:00,0,0
docs\main.js,73,js,4f5379c,mian0606,2026-05-07,22:24:48,-07:00,2026-05-07T22:24:48-07:00,1,36
docs\main.js,74,js,4f5379c,mian0606,2026-05-07,22:24:48,-07:00,2026-05-07T22:24:48-07:00,1,29
docs\main.js,75,js,4f5379c,mian0606,2026-05-07,22:24:48,-07:00,2026-05-07T22:24:48-07:00,0,0
docs\main.js,76,js,4f5379c,mian0606,2026-05-07,22:24:48,-07:00,2026-05-07T22:24:48-07:00,1,13
docs\main.js,77,js,4f5379c,mian0606,2026-05-07,22:24:48,-07:00,2026-05-07T22:24:48-07:00,1,29
docs\main.js,78,js,4f5379c,mian0606,2026-05-07,22:24:48,-07:00,2026-05-07T22:24:48-07:00,2,3
docs\main.js,79,js,4f5379c,mian0606,2026-05-07,22:24:48,-07:00,2026-05-07T22:24:48-07:00,2,26
docs\main.js,80,js,4f5379c,mian0606,2026-05-07,22:24:48,-07:00,2026-05-07T22:24:48-07:00,2,9
docs\main.js,81,js,4f5379c,mian0606,2026-05-07,22:24:48,-07:00,2026-05-07T22:24:48-07:00,1,0
docs\main.js,82,js,4f5379c,mian0606,2026-05-07,22:24:48,-07:00,2026-05-07T22:24:48-07:00,0,0
docs\main.js,83,js,4f5379c,mian0606,2026-05-07,22:24:48,-07:00,2026-05-07T22:24:48-07:00,1,54
docs\main.js,84,js,4f5379c,mian0606,2026-05-07,22:24:48,-07:00,2026-05-07T22:24:48-07:00,0,0
docs\main.js,85,js,4f5379c,mian0606,2026-05-07,22:24:48,-07:00,2026-05-07T22:24:48-07:00,1,35
docs\main.js,86,js,4f5379c,mian0606,2026-05-07,22:24:48,-07:00,2026-05-07T22:24:48-07:00,1,66
docs\main.js,87,js,4f5379c,mian0606,2026-05-07,22:24:48,-07:00,2026-05-07T22:24:48-07:00,0,0
docs\main.js,88,js,4f5379c,mian0606,2026-05-07,22:24:48,-07:00,2026-05-07T22:24:48-07:00,1,24
docs\main.js,89,js,4f5379c,mian0606,2026-05-07,22:24:48,-07:00,2026-05-07T22:24:48-07:00,1,30
docs\main.js,90,js,4f5379c,mian0606,2026-05-07,22:24:48,-07:00,2026-05-07T22:24:48-07:00,2,3
docs\main.js,91,js,4f5379c,mian0606,2026-05-07,22:24:48,-07:00,2026-05-07T22:24:48-07:00,2,12
docs\main.js,92,js,4f5379c,mian0606,2026-05-07,22:24:48,-07:00,2026-05-07T22:24:48-07:00,2,68
docs\main.js,93,js,4f5379c,mian0606,2026-05-07,22:24:48,-07:00,2026-05-07T22:24:48-07:00,1,0
docs\main.js,94,js,4f5379c,mian0606,2026-05-07,22:24:48,-07:00,2026-05-07T22:24:48-07:00,0,0
docs\main.js,95,js,4f5379c,mian0606,2026-05-07,22:24:48,-07:00,2026-05-07T22:24:48-07:00,1,58
docs\main.js,96,js,4f5379c,mian0606,2026-05-07,22:24:48,-07:00,2026-05-07T22:24:48-07:00,0,0
docs\main.js,97,js,4f5379c,mian0606,2026-05-07,22:24:48,-07:00,2026-05-07T22:24:48-07:00,1,39
docs\main.js,98,js,4f5379c,mian0606,2026-05-07,22:24:48,-07:00,2026-05-07T22:24:48-07:00,1,30
docs\main.js,99,js,4f5379c,mian0606,2026-05-07,22:24:48,-07:00,2026-05-07T22:24:48-07:00,0,0
docs\main.js,100,js,4f5379c,mian0606,2026-05-07,22:24:48,-07:00,2026-05-07T22:24:48-07:00,0,0
docs\main.js,101,js,4f5379c,mian0606,2026-05-07,22:24:48,-07:00,2026-05-07T22:24:48-07:00,0,0
docs\main.js,102,js,4f5379c,mian0606,2026-05-07,22:24:48,-07:00,2026-05-07T22:24:48-07:00,0,30
docs\main.js,103,js,4f5379c,mian0606,2026-05-07,22:24:48,-07:00,2026-05-07T22:24:48-07:00,0,0
docs\main.js,104,js,4f5379c,mian0606,2026-05-07,22:24:48,-07:00,2026-05-07T22:24:48-07:00,0,0
docs\main.js,105,js,4f5379c,mian0606,2026-05-07,22:24:48,-07:00,2026-05-07T22:24:48-07:00,0,0
docs\main.js,106,js,4f5379c,mian0606,2026-05-07,22:24:48,-07:00,2026-05-07T22:24:48-07:00,0,37
docs\main.js,107,js,4f5379c,mian0606,2026-05-07,22:24:48,-07:00,2026-05-07T22:24:48-07:00,1,18
docs\main.js,108,js,4f5379c,mian0606,2026-05-07,22:24:48,-07:00,2026-05-07T22:24:48-07:00,0,0
docs\main.js,109,js,4f5379c,mian0606,2026-05-07,22:24:48,-07:00,2026-05-07T22:24:48-07:00,1,55
docs\main.js,110,js,4f5379c,mian0606,2026-05-07,22:24:48,-07:00,2026-05-07T22:24:48-07:00,1,61
docs\main.js,111,js,4f5379c,mian0606,2026-05-07,22:24:48,-07:00,2026-05-07T22:24:48-07:00,0,0
docs\main.js,112,js,4f5379c,mian0606,2026-05-07,22:24:48,-07:00,2026-05-07T22:24:48-07:00,1,50
docs\main.js,113,js,4f5379c,mian0606,2026-05-07,22:24:48,-07:00,2026-05-07T22:24:48-07:00,2,31
docs\main.js,114,js,4f5379c,mian0606,2026-05-07,22:24:48,-07:00,2026-05-07T22:24:48-07:00,0,0
docs\main.js,115,js,4f5379c,mian0606,2026-05-07,22:24:48,-07:00,2026-05-07T22:24:48-07:00,1,50
docs\main.js,116,js,4f5379c,mian0606,2026-05-07,22:24:48,-07:00,2026-05-07T22:24:48-07:00,2,10
docs\main.js,117,js,4f5379c,mian0606,2026-05-07,22:24:48,-07:00,2026-05-07T22:24:48-07:00,0,0
docs\main.js,118,js,4f5379c,mian0606,2026-05-07,22:24:48,-07:00,2026-05-07T22:24:48-07:00,1,52
docs\main.js,119,js,4f5379c,mian0606,2026-05-07,22:24:48,-07:00,2026-05-07T22:24:48-07:00,2,12
docs\main.js,120,js,4f5379c,mian0606,2026-05-07,22:24:48,-07:00,2026-05-07T22:24:48-07:00,0,0
docs\main.js,121,js,4f5379c,mian0606,2026-05-07,22:24:48,-07:00,2026-05-07T22:24:48-07:00,1,51
docs\main.js,122,js,4f5379c,mian0606,2026-05-07,22:24:48,-07:00,2026-05-07T22:24:48-07:00,2,16
docs\main.js,123,js,4f5379c,mian0606,2026-05-07,22:24:48,-07:00,2026-05-07T22:24:48-07:00,0,0
docs\main.js,124,js,4f5379c,mian0606,2026-05-07,22:24:48,-07:00,2026-05-07T22:24:48-07:00,0,0
docs\main.js,125,js,4f5379c,mian0606,2026-05-07,22:24:48,-07:00,2026-05-07T22:24:48-07:00,0,38
docs\main.js,126,js,4f5379c,mian0606,2026-05-07,22:24:48,-07:00,2026-05-07T22:24:48-07:00,1,55
docs\main.js,127,js,4f5379c,mian0606,2026-05-07,22:24:48,-07:00,2026-05-07T22:24:48-07:00,0,0
docs\main.js,128,js,4f5379c,mian0606,2026-05-07,22:24:48,-07:00,2026-05-07T22:24:48-07:00,0,0
docs\main.js,129,js,4f5379c,mian0606,2026-05-07,22:24:48,-07:00,2026-05-07T22:24:48-07:00,0,37
docs\main.js,130,js,4f5379c,mian0606,2026-05-07,22:24:48,-07:00,2026-05-07T22:24:48-07:00,1,56
docs\main.js,131,js,4f5379c,mian0606,2026-05-07,22:24:48,-07:00,2026-05-07T22:24:48-07:00,1,45
docs\main.js,132,js,4f5379c,mian0606,2026-05-07,22:24:48,-07:00,2026-05-07T22:24:48-07:00,1,44
docs\main.js,133,js,4f5379c,mian0606,2026-05-07,22:24:48,-07:00,2026-05-07T22:24:48-07:00,0,0
docs\main.js,134,js,4f5379c,mian0606,2026-05-07,22:24:48,-07:00,2026-05-07T22:24:48-07:00,0,0
docs\main.js,135,js,896aac96,mian0606,2026-05-07,23:01:15,-07:00,2026-05-07T23:01:15-07:00,0,6
docs\main.js,136,js,896aac96,mian0606,2026-05-07,23:01:15,-07:00,2026-05-07T23:01:15-07:00,0,9
docs\main.js,137,js,896aac96,mian0606,2026-05-07,23:01:15,-07:00,2026-05-07T23:01:15-07:00,0,9
docs\main.js,138,js,4f5379c,mian0606,2026-05-07,22:24:48,-07:00,2026-05-07T22:24:48-07:00,0,41
docs\main.js,139,js,4f5379c,mian0606,2026-05-07,22:24:48,-07:00,2026-05-07T22:24:48-07:00,1,17
docs\main.js,140,js,4f5379c,mian0606,2026-05-07,22:24:48,-07:00,2026-05-07T22:24:48-07:00,1,17
docs\main.js,141,js,4f5379c,mian0606,2026-05-07,22:24:48,-07:00,2026-05-07T22:24:48-07:00,0,0
docs\main.js,142,js,4f5379c,mian0606,2026-05-07,22:24:48,-07:00,2026-05-07T22:24:48-07:00,1,58
docs\main.js,143,js,4f5379c,mian0606,2026-05-07,22:24:48,-07:00,2026-05-07T22:24:48-07:00,0,0
docs\main.js,144,js,4f5379c,mian0606,2026-05-07,22:24:48,-07:00,2026-05-07T22:24:48-07:00,1,18
docs\main.js,145,js,4f5379c,mian0606,2026-05-07,22:24:48,-07:00,2026-05-07T22:24:48-07:00,2,14
docs\main.js,146,js,4f5379c,mian0606,2026-05-07,22:24:48,-07:00,2026-05-07T22:24:48-07:00,2,26
docs\main.js,147,js,4f5379c,mian0606,2026-05-07,22:24:48,-07:00,2026-05-07T22:24:48-07:00,2,29
docs\main.js,148,js,4f5379c,mian0606,2026-05-07,22:24:48,-07:00,2026-05-07T22:24:48-07:00,2,16
docs\main.js,149,js,4f5379c,mian0606,2026-05-07,22:24:48,-07:00,2026-05-07T22:24:48-07:00,2,40
docs\main.js,150,js,4f5379c,mian0606,2026-05-07,22:24:48,-07:00,2026-05-07T22:24:48-07:00,2,42
docs\main.js,151,js,4f5379c,mian0606,2026-05-07,22:24:48,-07:00,2026-05-07T22:24:48-07:00,1,0
docs\main.js,152,js,4f5379c,mian0606,2026-05-07,22:24:48,-07:00,2026-05-07T22:24:48-07:00,0,0
docs\main.js,153,js,4f5379c,mian0606,2026-05-07,22:24:48,-07:00,2026-05-07T22:24:48-07:00,1,12
docs\main.js,154,js,4f5379c,mian0606,2026-05-07,22:24:48,-07:00,2026-05-07T22:24:48-07:00,2,15
docs\main.js,155,js,4f5379c,mian0606,2026-05-07,22:24:48,-07:00,2026-05-07T22:24:48-07:00,2,12
docs\main.js,156,js,4f5379c,mian0606,2026-05-07,22:24:48,-07:00,2026-05-07T22:24:48-07:00,2,41
docs\main.js,157,js,4f5379c,mian0606,2026-05-07,22:24:48,-07:00,2026-05-07T22:24:48-07:00,0,0
docs\main.js,158,js,4f5379c,mian0606,2026-05-07,22:24:48,-07:00,2026-05-07T22:24:48-07:00,1,15
docs\main.js,159,js,4f5379c,mian0606,2026-05-07,22:24:48,-07:00,2026-05-07T22:24:48-07:00,2,10
docs\main.js,160,js,4f5379c,mian0606,2026-05-07,22:24:48,-07:00,2026-05-07T22:24:48-07:00,2,42
docs\main.js,161,js,4f5379c,mian0606,2026-05-07,22:24:48,-07:00,2026-05-07T22:24:48-07:00,2,41
docs\main.js,162,js,4f5379c,mian0606,2026-05-07,22:24:48,-07:00,2026-05-07T22:24:48-07:00,2,6
docs\main.js,163,js,4f5379c,mian0606,2026-05-07,22:24:48,-07:00,2026-05-07T22:24:48-07:00,0,0
docs\main.js,164,js,4f5379c,mian0606,2026-05-07,22:24:48,-07:00,2026-05-07T22:24:48-07:00,1,15
docs\main.js,165,js,4f5379c,mian0606,2026-05-07,22:24:48,-07:00,2026-05-07T22:24:48-07:00,2,12
docs\main.js,166,js,4f5379c,mian0606,2026-05-07,22:24:48,-07:00,2026-05-07T22:24:48-07:00,2,14
docs\main.js,167,js,4f5379c,mian0606,2026-05-07,22:24:48,-07:00,2026-05-07T22:24:48-07:00,2,42
docs\main.js,168,js,4f5379c,mian0606,2026-05-07,22:24:48,-07:00,2026-05-07T22:24:48-07:00,0,0
docs\main.js,169,js,4f5379c,mian0606,2026-05-07,22:24:48,-07:00,2026-05-07T22:24:48-07:00,1,7
docs\main.js,170,js,4f5379c,mian0606,2026-05-07,22:24:48,-07:00,2026-05-07T22:24:48-07:00,1,65
docs\main.js,171,js,4f5379c,mian0606,2026-05-07,22:24:48,-07:00,2026-05-07T22:24:48-07:00,0,0
docs\main.js,172,js,4f5379c,mian0606,2026-05-07,22:24:48,-07:00,2026-05-07T22:24:48-07:00,1,15
docs\main.js,173,js,4f5379c,mian0606,2026-05-07,22:24:48,-07:00,2026-05-07T22:24:48-07:00,2,10
docs\main.js,174,js,4f5379c,mian0606,2026-05-07,22:24:48,-07:00,2026-05-07T22:24:48-07:00,2,27
docs\main.js,175,js,4f5379c,mian0606,2026-05-07,22:24:48,-07:00,2026-05-07T22:24:48-07:00,2,14
docs\main.js,176,js,4f5379c,mian0606,2026-05-07,22:24:48,-07:00,2026-05-07T22:24:48-07:00,0,0
docs\main.js,177,js,4f5379c,mian0606,2026-05-07,22:24:48,-07:00,2026-05-07T22:24:48-07:00,0,0
docs\main.js,178,js,4f5379c,mian0606,2026-05-07,22:24:48,-07:00,2026-05-07T22:24:48-07:00,1,57
docs\main.js,179,js,4f5379c,mian0606,2026-05-07,22:24:48,-07:00,2026-05-07T22:24:48-07:00,0,0
docs\main.js,180,js,4f5379c,mian0606,2026-05-07,22:24:48,-07:00,2026-05-07T22:24:48-07:00,1,13
docs\main.js,181,js,4f5379c,mian0606,2026-05-07,22:24:48,-07:00,2026-05-07T22:24:48-07:00,2,25
docs\main.js,182,js,4f5379c,mian0606,2026-05-07,22:24:48,-07:00,2026-05-07T22:24:48-07:00,2,51
docs\main.js,183,js,4f5379c,mian0606,2026-05-07,22:24:48,-07:00,2026-05-07T22:24:48-07:00,2,4
docs\main.js,184,js,4f5379c,mian0606,2026-05-07,22:24:48,-07:00,2026-05-07T22:24:48-07:00,3,17
docs\main.js,185,js,4f5379c,mian0606,2026-05-07,22:24:48,-07:00,2026-05-07T22:24:48-07:00,4,13
docs\main.js,186,js,4f5379c,mian0606,2026-05-07,22:24:48,-07:00,2026-05-07T22:24:48-07:00,4,26
docs\main.js,187,js,4f5379c,mian0606,2026-05-07,22:24:48,-07:00,2026-05-07T22:24:48-07:00,2,0
docs\main.js,188,js,4f5379c,mian0606,2026-05-07,22:24:48,-07:00,2026-05-07T22:24:48-07:00,0,0
docs\main.js,189,js,4f5379c,mian0606,2026-05-07,22:24:48,-07:00,2026-05-07T22:24:48-07:00,1,5
docs\main.js,190,js,4f5379c,mian0606,2026-05-07,22:24:48,-07:00,2026-05-07T22:24:48-07:00,1,27
docs\main.js,191,js,4f5379c,mian0606,2026-05-07,22:24:48,-07:00,2026-05-07T22:24:48-07:00,0,0
docs\main.js,192,js,4f5379c,mian0606,2026-05-07,22:24:48,-07:00,2026-05-07T22:24:48-07:00,1,22
docs\main.js,193,js,4f5379c,mian0606,2026-05-07,22:24:48,-07:00,2026-05-07T22:24:48-07:00,2,18
docs\main.js,194,js,4f5379c,mian0606,2026-05-07,22:24:48,-07:00,2026-05-07T22:24:48-07:00,2,13
docs\main.js,195,js,4f5379c,mian0606,2026-05-07,22:24:48,-07:00,2026-05-07T22:24:48-07:00,2,34
docs\main.js,196,js,4f5379c,mian0606,2026-05-07,22:24:48,-07:00,2026-05-07T22:24:48-07:00,2,34
docs\main.js,197,js,4f5379c,mian0606,2026-05-07,22:24:48,-07:00,2026-05-07T22:24:48-07:00,2,35
docs\main.js,198,js,4f5379c,mian0606,2026-05-07,22:24:48,-07:00,2026-05-07T22:24:48-07:00,2,24
docs\main.js,199,js,4f5379c,mian0606,2026-05-07,22:24:48,-07:00,2026-05-07T22:24:48-07:00,2,25
docs\main.js,200,js,4f5379c,mian0606,2026-05-07,22:24:48,-07:00,2026-05-07T22:24:48-07:00,0,0
docs\main.js,201,js,4f5379c,mian0606,2026-05-07,22:24:48,-07:00,2026-05-07T22:24:48-07:00,2,36
docs\main.js,202,js,4f5379c,mian0606,2026-05-07,22:24:48,-07:00,2026-05-07T22:24:48-07:00,3,54
docs\main.js,203,js,4f5379c,mian0606,2026-05-07,22:24:48,-07:00,2026-05-07T22:24:48-07:00,0,0
docs\main.js,204,js,4f5379c,mian0606,2026-05-07,22:24:48,-07:00,2026-05-07T22:24:48-07:00,3,27
docs\main.js,205,js,4f5379c,mian0606,2026-05-07,22:24:48,-07:00,2026-05-07T22:24:48-07:00,3,28
docs\main.js,206,js,4f5379c,mian0606,2026-05-07,22:24:48,-07:00,2026-05-07T22:24:48-07:00,3,27
docs\main.js,207,js,4f5379c,mian0606,2026-05-07,22:24:48,-07:00,2026-05-07T22:24:48-07:00,2,0
docs\main.js,208,js,4f5379c,mian0606,2026-05-07,22:24:48,-07:00,2026-05-07T22:24:48-07:00,0,0
docs\main.js,209,js,4f5379c,mian0606,2026-05-07,22:24:48,-07:00,2026-05-07T22:24:48-07:00,2,27
docs\main.js,210,js,4f5379c,mian0606,2026-05-07,22:24:48,-07:00,2026-05-07T22:24:48-07:00,3,27
docs\main.js,211,js,4f5379c,mian0606,2026-05-07,22:24:48,-07:00,2026-05-07T22:24:48-07:00,2,0
docs\main.js,212,js,4f5379c,mian0606,2026-05-07,22:24:48,-07:00,2026-05-07T22:24:48-07:00,0,0
docs\main.js,213,js,4f5379c,mian0606,2026-05-07,22:24:48,-07:00,2026-05-07T22:24:48-07:00,2,28
docs\main.js,214,js,4f5379c,mian0606,2026-05-07,22:24:48,-07:00,2026-05-07T22:24:48-07:00,3,56
docs\main.js,215,js,4f5379c,mian0606,2026-05-07,22:24:48,-07:00,2026-05-07T22:24:48-07:00,3,29
docs\main.js,216,js,4f5379c,mian0606,2026-05-07,22:24:48,-07:00,2026-05-07T22:24:48-07:00,2,1
docs\main.js,217,js,4f5379c,mian0606,2026-05-07,22:24:48,-07:00,2026-05-07T22:24:48-07:00,0,0
docs\main.js,218,js,4f5379c,mian0606,2026-05-07,22:24:48,-07:00,2026-05-07T22:24:48-07:00,1,5
docs\main.js,219,js,4f5379c,mian0606,2026-05-07,22:24:48,-07:00,2026-05-07T22:24:48-07:00,1,13
docs\main.js,220,js,4f5379c,mian0606,2026-05-07,22:24:48,-07:00,2026-05-07T22:24:48-07:00,2,54
docs\main.js,221,js,4f5379c,mian0606,2026-05-07,22:24:48,-07:00,2026-05-07T22:24:48-07:00,2,27
docs\main.js,222,js,4f5379c,mian0606,2026-05-07,22:24:48,-07:00,2026-05-07T22:24:48-07:00,0,0
docs\main.js,223,js,4f5379c,mian0606,2026-05-07,22:24:48,-07:00,2026-05-07T22:24:48-07:00,1,13
docs\main.js,224,js,4f5379c,mian0606,2026-05-07,22:24:48,-07:00,2026-05-07T22:24:48-07:00,2,51
docs\main.js,225,js,4f5379c,mian0606,2026-05-07,22:24:48,-07:00,2026-05-07T22:24:48-07:00,2,4
docs\main.js,226,js,4f5379c,mian0606,2026-05-07,22:24:48,-07:00,2026-05-07T22:24:48-07:00,3,17
docs\main.js,227,js,4f5379c,mian0606,2026-05-07,22:24:48,-07:00,2026-05-07T22:24:48-07:00,4,55
docs\main.js,228,js,4f5379c,mian0606,2026-05-07,22:24:48,-07:00,2026-05-07T22:24:48-07:00,2,0
docs\main.js,229,js,4f5379c,mian0606,2026-05-07,22:24:48,-07:00,2026-05-07T22:24:48-07:00,0,0
docs\main.js,230,js,4f5379c,mian0606,2026-05-07,22:24:48,-07:00,2026-05-07T22:24:48-07:00,0,0
docs\main.js,231,js,4f5379c,mian0606,2026-05-07,22:24:48,-07:00,2026-05-07T22:24:48-07:00,0,0
docs\main.js,232,js,4f5379c,mian0606,2026-05-07,22:24:48,-07:00,2026-05-07T22:24:48-07:00,0,31
docs\main.js,233,js,4f5379c,mian0606,2026-05-07,22:24:48,-07:00,2026-05-07T22:24:48-07:00,0,0
docs\main.js,234,js,4f5379c,mian0606,2026-05-07,22:24:48,-07:00,2026-05-07T22:24:48-07:00,0,0
docs\main.js,235,js,4f5379c,mian0606,2026-05-07,22:24:48,-07:00,2026-05-07T22:24:48-07:00,0,44
docs\main.js,236,js,4f5379c,mian0606,2026-05-07,22:24:48,-07:00,2026-05-07T22:24:48-07:00,1,27
docs\main.js,237,js,4f5379c,mian0606,2026-05-07,22:24:48,-07:00,2026-05-07T22:24:48-07:00,0,0
docs\main.js,238,js,4f5379c,mian0606,2026-05-07,22:24:48,-07:00,2026-05-07T22:24:48-07:00,1,37
docs\main.js,239,js,4f5379c,mian0606,2026-05-07,22:24:48,-07:00,2026-05-07T22:24:48-07:00,0,0
docs\main.js,240,js,4f5379c,mian0606,2026-05-07,22:24:48,-07:00,2026-05-07T22:24:48-07:00,1,32
docs\main.js,241,js,4f5379c,mian0606,2026-05-07,22:24:48,-07:00,2026-05-07T22:24:48-07:00,1,32
docs\main.js,242,js,4f5379c,mian0606,2026-05-07,22:24:48,-07:00,2026-05-07T22:24:48-07:00,0,0
docs\main.js,243,js,4f5379c,mian0606,2026-05-07,22:24:48,-07:00,2026-05-07T22:24:48-07:00,1,46
docs\main.js,244,js,4f5379c,mian0606,2026-05-07,22:24:48,-07:00,2026-05-07T22:24:48-07:00,0,0
docs\main.js,245,js,4f5379c,mian0606,2026-05-07,22:24:48,-07:00,2026-05-07T22:24:48-07:00,0,0
docs\main.js,246,js,4f5379c,mian0606,2026-05-07,22:24:48,-07:00,2026-05-07T22:24:48-07:00,0,40
docs\main.js,247,js,4f5379c,mian0606,2026-05-07,22:24:48,-07:00,2026-05-07T22:24:48-07:00,1,31
docs\main.js,248,js,4f5379c,mian0606,2026-05-07,22:24:48,-07:00,2026-05-07T22:24:48-07:00,2,51
docs\main.js,249,js,4f5379c,mian0606,2026-05-07,22:24:48,-07:00,2026-05-07T22:24:48-07:00,2,3
docs\main.js,250,js,4f5379c,mian0606,2026-05-07,22:24:48,-07:00,2026-05-07T22:24:48-07:00,0,0
docs\main.js,251,js,4f5379c,mian0606,2026-05-07,22:24:48,-07:00,2026-05-07T22:24:48-07:00,1,62
docs\main.js,252,js,4f5379c,mian0606,2026-05-07,22:24:48,-07:00,2026-05-07T22:24:48-07:00,0,0
docs\main.js,253,js,4f5379c,mian0606,2026-05-07,22:24:48,-07:00,2026-05-07T22:24:48-07:00,1,28
docs\main.js,254,js,4f5379c,mian0606,2026-05-07,22:24:48,-07:00,2026-05-07T22:24:48-07:00,2,28
docs\main.js,255,js,4f5379c,mian0606,2026-05-07,22:24:48,-07:00,2026-05-07T22:24:48-07:00,1,18
docs\main.js,256,js,4f5379c,mian0606,2026-05-07,22:24:48,-07:00,2026-05-07T22:24:48-07:00,0,0
docs\main.js,257,js,4f5379c,mian0606,2026-05-07,22:24:48,-07:00,2026-05-07T22:24:48-07:00,1,21
docs\main.js,258,js,4f5379c,mian0606,2026-05-07,22:24:48,-07:00,2026-05-07T22:24:48-07:00,0,0
docs\main.js,259,js,4f5379c,mian0606,2026-05-07,22:24:48,-07:00,2026-05-07T22:24:48-07:00,0,0
docs\main.js,260,js,4f5379c,mian0606,2026-05-07,22:24:48,-07:00,2026-05-07T22:24:48-07:00,0,43
docs\main.js,261,js,4f5379c,mian0606,2026-05-07,22:24:48,-07:00,2026-05-07T22:24:48-07:00,1,31
docs\main.js,262,js,4f5379c,mian0606,2026-05-07,22:24:48,-07:00,2026-05-07T22:24:48-07:00,2,51
docs\main.js,263,js,4f5379c,mian0606,2026-05-07,22:24:48,-07:00,2026-05-07T22:24:48-07:00,2,3
docs\main.js,264,js,4f5379c,mian0606,2026-05-07,22:24:48,-07:00,2026-05-07T22:24:48-07:00,0,0
docs\main.js,265,js,4f5379c,mian0606,2026-05-07,22:24:48,-07:00,2026-05-07T22:24:48-07:00,1,62
docs\main.js,266,js,4f5379c,mian0606,2026-05-07,22:24:48,-07:00,2026-05-07T22:24:48-07:00,0,0
docs\main.js,267,js,4f5379c,mian0606,2026-05-07,22:24:48,-07:00,2026-05-07T22:24:48-07:00,1,33
docs\main.js,268,js,4f5379c,mian0606,2026-05-07,22:24:48,-07:00,2026-05-07T22:24:48-07:00,2,23
docs\main.js,269,js,4f5379c,mian0606,2026-05-07,22:24:48,-07:00,2026-05-07T22:24:48-07:00,2,5
docs\main.js,270,js,4f5379c,mian0606,2026-05-07,22:24:48,-07:00,2026-05-07T22:24:48-07:00,1,0
docs\main.js,271,js,4f5379c,mian0606,2026-05-07,22:24:48,-07:00,2026-05-07T22:24:48-07:00,0,0
docs\main.js,272,js,4f5379c,mian0606,2026-05-07,22:24:48,-07:00,2026-05-07T22:24:48-07:00,1,50
docs\main.js,273,js,4f5379c,mian0606,2026-05-07,22:24:48,-07:00,2026-05-07T22:24:48-07:00,0,0
docs\main.js,274,js,4f5379c,mian0606,2026-05-07,22:24:48,-07:00,2026-05-07T22:24:48-07:00,1,26
docs\main.js,275,js,4f5379c,mian0606,2026-05-07,22:24:48,-07:00,2026-05-07T22:24:48-07:00,2,4
docs\main.js,276,js,4f5379c,mian0606,2026-05-07,22:24:48,-07:00,2026-05-07T22:24:48-07:00,2,12
docs\main.js,277,js,4f5379c,mian0606,2026-05-07,22:24:48,-07:00,2026-05-07T22:24:48-07:00,2,9
docs\main.js,278,js,4f5379c,mian0606,2026-05-07,22:24:48,-07:00,2026-05-07T22:24:48-07:00,1,0
docs\main.js,279,js,4f5379c,mian0606,2026-05-07,22:24:48,-07:00,2026-05-07T22:24:48-07:00,0,0
docs\main.js,280,js,4f5379c,mian0606,2026-05-07,22:24:48,-07:00,2026-05-07T22:24:48-07:00,1,23
docs\main.js,281,js,4f5379c,mian0606,2026-05-07,22:24:48,-07:00,2026-05-07T22:24:48-07:00,0,0
docs\main.js,282,js,4f5379c,mian0606,2026-05-07,22:24:48,-07:00,2026-05-07T22:24:48-07:00,1,42
docs\main.js,283,js,4f5379c,mian0606,2026-05-07,22:24:48,-07:00,2026-05-07T22:24:48-07:00,2,38
docs\main.js,284,js,4f5379c,mian0606,2026-05-07,22:24:48,-07:00,2026-05-07T22:24:48-07:00,2,46
docs\main.js,285,js,4f5379c,mian0606,2026-05-07,22:24:48,-07:00,2026-05-07T22:24:48-07:00,0,0
docs\main.js,286,js,4f5379c,mian0606,2026-05-07,22:24:48,-07:00,2026-05-07T22:24:48-07:00,2,22
docs\main.js,287,js,4f5379c,mian0606,2026-05-07,22:24:48,-07:00,2026-05-07T22:24:48-07:00,3,18
docs\main.js,288,js,4f5379c,mian0606,2026-05-07,22:24:48,-07:00,2026-05-07T22:24:48-07:00,3,36
docs\main.js,289,js,4f5379c,mian0606,2026-05-07,22:24:48,-07:00,2026-05-07T22:24:48-07:00,2,0
docs\main.js,290,js,4f5379c,mian0606,2026-05-07,22:24:48,-07:00,2026-05-07T22:24:48-07:00,1,0
docs\main.js,291,js,4f5379c,mian0606,2026-05-07,22:24:48,-07:00,2026-05-07T22:24:48-07:00,0,0
docs\main.js,292,js,4f5379c,mian0606,2026-05-07,22:24:48,-07:00,2026-05-07T22:24:48-07:00,0,0
docs\main.js,293,js,4f5379c,mian0606,2026-05-07,22:24:48,-07:00,2026-05-07T22:24:48-07:00,0,23
docs\main.js,294,js,4f5379c,mian0606,2026-05-07,22:24:48,-07:00,2026-05-07T22:24:48-07:00,1,32
docs\main.js,295,js,4f5379c,mian0606,2026-05-07,22:24:48,-07:00,2026-05-07T22:24:48-07:00,0,0
docs\main.js,296,js,4f5379c,mian0606,2026-05-07,22:24:48,-07:00,2026-05-07T22:24:48-07:00,1,20
docs\main.js,297,js,4f5379c,mian0606,2026-05-07,22:24:48,-07:00,2026-05-07T22:24:48-07:00,2,56
docs\main.js,298,js,4f5379c,mian0606,2026-05-07,22:24:48,-07:00,2026-05-07T22:24:48-07:00,0,0
docs\main.js,299,js,4f5379c,mian0606,2026-05-07,22:24:48,-07:00,2026-05-07T22:24:48-07:00,1,30
docs\main.js,300,js,4f5379c,mian0606,2026-05-07,22:24:48,-07:00,2026-05-07T22:24:48-07:00,1,33
docs\main.js,301,js,4f5379c,mian0606,2026-05-07,22:24:48,-07:00,2026-05-07T22:24:48-07:00,0,0
docs\main.js,302,js,4f5379c,mian0606,2026-05-07,22:24:48,-07:00,2026-05-07T22:24:48-07:00,0,0
docs\main.js,303,js,4f5379c,mian0606,2026-05-07,22:24:48,-07:00,2026-05-07T22:24:48-07:00,0,7
docs\main.js,304,js,4f5379c,mian0606,2026-05-07,22:24:48,-07:00,2026-05-07T22:24:48-07:00,1,8
docs\main.js,305,js,4f5379c,mian0606,2026-05-07,22:24:48,-07:00,2026-05-07T22:24:48-07:00,2,29
docs\main.js,306,js,4f5379c,mian0606,2026-05-07,22:24:48,-07:00,2026-05-07T22:24:48-07:00,0,0
docs\main.js,307,js,4f5379c,mian0606,2026-05-07,22:24:48,-07:00,2026-05-07T22:24:48-07:00,0,0
docs\main.js,308,js,4f5379c,mian0606,2026-05-07,22:24:48,-07:00,2026-05-07T22:24:48-07:00,0,43
docs\index.html,1,html,4f5379c,mian0606,2026-05-07,22:24:48,-07:00,2026-05-07T22:24:48-07:00,0,13
docs\index.html,2,html,4f5379c,mian0606,2026-05-07,22:24:48,-07:00,2026-05-07T22:24:48-07:00,0,14
docs\index.html,3,html,4f5379c,mian0606,2026-05-07,22:24:48,-07:00,2026-05-07T22:24:48-07:00,0,4
docs\index.html,4,html,4f5379c,mian0606,2026-05-07,22:24:48,-07:00,2026-05-07T22:24:48-07:00,2,20
docs\index.html,5,html,4f5379c,mian0606,2026-05-07,22:24:48,-07:00,2026-05-07T22:24:48-07:00,2,20
docs\index.html,6,html,96272ad8,mian0606,2026-05-07,23:16:03,-07:00,2026-05-07T23:16:03-07:00,2,40
docs\index.html,7,html,4f5379c,mian0606,2026-05-07,22:24:48,-07:00,2026-05-07T22:24:48-07:00,0,5
docs\index.html,8,html,4f5379c,mian0606,2026-05-07,22:24:48,-07:00,2026-05-07T22:24:48-07:00,0,4
docs\index.html,9,html,96272ad8,mian0606,2026-05-07,23:16:03,-07:00,2026-05-07T23:16:03-07:00,2,45
docs\index.html,10,html,96272ad8,mian0606,2026-05-07,23:16:03,-07:00,2026-05-07T23:16:03-07:00,0,0
docs\index.html,11,html,4f5379c,mian0606,2026-05-07,22:24:48,-07:00,2026-05-07T22:24:48-07:00,2,20
docs\index.html,12,html,4f5379c,mian0606,2026-05-07,22:24:48,-07:00,2026-05-07T22:24:48-07:00,0,0
docs\index.html,13,html,4f5379c,mian0606,2026-05-07,22:24:48,-07:00,2026-05-07T22:24:48-07:00,2,29
docs\index.html,14,html,4f5379c,mian0606,2026-05-07,22:24:48,-07:00,2026-05-07T22:24:48-07:00,2,20
docs\index.html,15,html,4f5379c,mian0606,2026-05-07,22:24:48,-07:00,2026-05-07T22:24:48-07:00,0,0
docs\index.html,16,html,4f5379c,mian0606,2026-05-07,22:24:48,-07:00,2026-05-07T22:24:48-07:00,2,50
docs\index.html,17,html,4f5379c,mian0606,2026-05-07,22:24:48,-07:00,2026-05-07T22:24:48-07:00,4,13
docs\index.html,18,html,4f5379c,mian0606,2026-05-07,22:24:48,-07:00,2026-05-07T22:24:48-07:00,4,55
docs\index.html,19,html,4f5379c,mian0606,2026-05-07,22:24:48,-07:00,2026-05-07T22:24:48-07:00,0,0
docs\index.html,20,html,4f5379c,mian0606,2026-05-07,22:24:48,-07:00,2026-05-07T22:24:48-07:00,4,11
docs\index.html,21,html,4f5379c,mian0606,2026-05-07,22:24:48,-07:00,2026-05-07T22:24:48-07:00,4,24
docs\index.html,22,html,4f5379c,mian0606,2026-05-07,22:24:48,-07:00,2026-05-07T22:24:48-07:00,0,0
docs\index.html,23,html,4f5379c,mian0606,2026-05-07,22:24:48,-07:00,2026-05-07T22:24:48-07:00,4,11
docs\index.html,24,html,4f5379c,mian0606,2026-05-07,22:24:48,-07:00,2026-05-07T22:24:48-07:00,4,24
docs\index.html,25,html,4f5379c,mian0606,2026-05-07,22:24:48,-07:00,2026-05-07T22:24:48-07:00,0,0
docs\index.html,26,html,4f5379c,mian0606,2026-05-07,22:24:48,-07:00,2026-05-07T22:24:48-07:00,4,13
docs\index.html,27,html,4f5379c,mian0606,2026-05-07,22:24:48,-07:00,2026-05-07T22:24:48-07:00,4,26
docs\index.html,28,html,4f5379c,mian0606,2026-05-07,22:24:48,-07:00,2026-05-07T22:24:48-07:00,0,0
docs\index.html,29,html,4f5379c,mian0606,2026-05-07,22:24:48,-07:00,2026-05-07T22:24:48-07:00,4,19
docs\index.html,30,html,4f5379c,mian0606,2026-05-07,22:24:48,-07:00,2026-05-07T22:24:48-07:00,4,25
docs\index.html,31,html,4f5379c,mian0606,2026-05-07,22:24:48,-07:00,2026-05-07T22:24:48-07:00,2,3
docs\index.html,32,html,4f5379c,mian0606,2026-05-07,22:24:48,-07:00,2026-05-07T22:24:48-07:00,0,0
docs\index.html,33,html,4f5379c,mian0606,2026-05-07,22:24:48,-07:00,2026-05-07T22:24:48-07:00,2,45
docs\index.html,34,html,4f5379c,mian0606,2026-05-07,22:24:48,-07:00,2026-05-07T22:24:48-07:00,2,45
docs\index.html,35,html,4f5379c,mian0606,2026-05-07,22:24:48,-07:00,2026-05-07T22:24:48-07:00,0,5
docs\index.html,36,html,4f5379c,mian0606,2026-05-07,22:24:48,-07:00,2026-05-07T22:24:48-07:00,0,5
